Category,AreaCode,BeverageType,Tax,Comments
Excise,ALB,Beer,11.59,
Excise,ALB,Spirits,38.16,
Excise,ARG,Beer,11.86,
Excise,ARG,Spirits,22.5,
Excise,ATG,Beer,0,
Excise,ATG,Spirits,0,
Excise,AUS,Beer,17.73,
Excise,AUS,Spirits,56.5,
Excise,AUT,Beer,7.73,
Excise,AUT,Spirits,19.1,
Excise,AZE,Beer,10,
Excise,AZE,Spirits,22.58,
Excise,BDI,Beer,11.87,
Excise,BDI,Spirits,4.56,
Excise,BEL,Beer,10.53,
Excise,BEL,Spirits,39.78,
Excise,BEN,Beer,12.11,
Excise,BEN,Spirits,2.21,
Excise,BFA,Beer,16.95,
Excise,BFA,Spirits,4.48,
Excise,BGD,Beer,1.1,
Excise,BGD,Spirits,2.79,
Excise,BGR,Beer,5.32,
Excise,BGR,Spirits,24.46,
Excise,BLR,Beer,9.38,
Excise,BLR,Spirits,51.78,
Excise,BLZ,Beer,15.87,
Excise,BLZ,Spirits,65.99,
Excise,BOL,Beer,18.47,Retail price and tax data collected as of 31 March 2023.
Excise,BOL,Spirits,9.36,Retail price and tax data collected as of 31 March 2023.
Excise,BRA,Beer,2.28,1. Retail price and tax data representing only the State of Sao Paulo. 2. Data collected as of 31 October 2022.
Excise,BRA,Spirits,9.16,1. Retail price and tax data representing only the State of Sao Paulo. 2. Data collected as of 31 October 2022.
Excise,CAF,Beer,10.18,
Excise,CAF,Spirits,23.93,
Excise,CAN,Beer,5,Retail price and tax data representing only the Province of Ontario.
Excise,CAN,Spirits,11.87,Retail price and tax data representing only the Province of Ontario.
Excise,CHE,Beer,6.96,
Excise,CHE,Spirits,17.3,
Excise,CHL,Spirits,19.63,
Excise,CHN,Beer,2.12,
Excise,CHN,Spirits,16.3,
Excise,CIV,Beer,10.52,
Excise,CIV,Spirits,22.49,
Excise,CMR,Beer,21.39,
Excise,CMR,Spirits,27.44,
Excise,COD,Beer,16.69,
Excise,COD,Spirits,3.38,
Excise,COG,Beer,11.93,
Excise,COG,Spirits,8.29,
Excise,COK,Beer,15.95,
Excise,COK,Spirits,31.59,
Excise,COL,Beer,15.34,
Excise,COL,Spirits,32.02,
Excise,CPV,Beer,14.11,
Excise,CPV,Spirits,15.74,
Excise,CRI,Beer,10.7,
Excise,CRI,Spirits,21.9,
Excise,CUB,Beer,0,
Excise,CUB,Spirits,0,
Excise,CYP,Beer,11.84,
Excise,CYP,Spirits,21.16,
Excise,CZE,Beer,11.28,
Excise,CZE,Spirits,37.82,
Excise,DEU,Beer,5.56,
Excise,DEU,Spirits,40.29,
Excise,DMA,Beer,7.59,
Excise,DMA,Spirits,10.21,
Excise,DNK,Beer,11.46,
Excise,DNK,Spirits,13.23,
Excise,DOM,Beer,21.4,
Excise,DOM,Spirits,36.27,
Excise,ECU,Beer,12.09,
Excise,ECU,Spirits,29.16,
Excise,EGY,Beer,59.27,
Excise,EGY,Spirits,39.06,
Excise,ERI,Beer,40.58,
Excise,ERI,Spirits,25.25,
Excise,ESP,Beer,4.83,
Excise,ESP,Spirits,35.96,
Excise,EST,Beer,18.37,
Excise,EST,Spirits,57.92,
Excise,ETH,Beer,17.39,
Excise,ETH,Spirits,32.92,
Excise,FIN,Beer,28.82,
Excise,FIN,Spirits,66.82,
Excise,FJI,Beer,26.79,
Excise,FJI,Spirits,44.92,
Excise,GAB,Beer,14.45,
Excise,GAB,Spirits,31.16,
Excise,GBR,Beer,27.45,
Excise,GBR,Spirits,47.15,
Excise,GEO,Beer,9.58,
Excise,GEO,Spirits,18.79,
Excise,GHA,Beer,24.28,Retail price and tax data collected as of 31 January 2023.
Excise,GHA,Spirits,7.61,Retail price and tax data collected as of 31 January 2023.
Excise,GIN,Beer,25.41,
Excise,GMB,Beer,37.13,
Excise,GMB,Spirits,6.62,
Excise,GNB,Beer,10.09,
Excise,GNB,Spirits,11.54,
Excise,GNQ,Beer,6.83,
Excise,GRC,Beer,21.05,
Excise,GRC,Spirits,36.41,
Excise,GRD,Beer,1.57,
Excise,GRD,Spirits,4.87,
Excise,GTM,Beer,5.05,
Excise,GTM,Spirits,6.99,
Excise,GUY,Beer,12.38,
Excise,GUY,Spirits,11.79,
Excise,HND,Beer,9.01,
Excise,HND,Spirits,10.3,
Excise,HRV,Beer,8.93,
Excise,HRV,Spirits,25.3,
Excise,HTI,Beer,13.35,Retail price and tax data collected as of 31 March 2023.
Excise,HTI,Spirits,13.35,Retail price and tax data collected as of 31 March 2023.
Excise,HUN,Beer,13.46,
Excise,HUN,Spirits,45.02,
Excise,IDN,Beer,22.14,
Excise,IDN,Spirits,40,
Excise,IRL,Beer,25.6,
Excise,IRL,Spirits,48.59,
Excise,IRQ,Beer,0,
Excise,IRQ,Spirits,0,
Excise,ISL,Beer,30.91,
Excise,ISL,Spirits,66.47,
Excise,ITA,Beer,12.32,
Excise,ITA,Spirits,8.87,
Excise,JAM,Beer,5.63,
Excise,JAM,Spirits,22.09,
Excise,JPN,Beer,31.96,
Excise,JPN,Spirits,16.2,
Excise,KAZ,Beer,8.27,
Excise,KAZ,Spirits,21.31,
Excise,KEN,Beer,22.33,
Excise,KEN,Spirits,19.34,
Excise,KGZ,Beer,11.33,
Excise,KGZ,Spirits,22.4,
Excise,KHM,Beer,14.36,
Excise,KIR,Beer,16.97,
Excise,KIR,Spirits,72.8,
Excise,KOR,Beer,15.27,
Excise,KOR,Spirits,43.07,
Excise,LBN,Beer,0.06,
Excise,LBN,Spirits,1.73,
Excise,LBR,Beer,10,
Excise,LBR,Spirits,67.08,
Excise,LCA,Beer,2.39,
Excise,LCA,Spirits,17.26,
Excise,LKA,Beer,29.47,
Excise,LKA,Spirits,36.47,
Excise,LTU,Beer,16.67,
Excise,LTU,Spirits,52.06,
Excise,LVA,Beer,23.52,
Excise,LVA,Spirits,46.79,
Excise,MAR,Beer,31.63,
Excise,MAR,Spirits,39.71,
Excise,MDG,Beer,11.14,
Excise,MDG,Spirits,6.41,
Excise,MEX,Beer,18.06,
Excise,MEX,Spirits,29.86,
Excise,MHL,Beer,0,
Excise,MHL,Spirits,0,
Excise,MLI,Beer,13.73,
Excise,MMR,Beer,52.48,
Excise,MMR,Spirits,28.13,
Excise,MNG,Beer,0.25,
Excise,MNG,Spirits,11.34,
Excise,MOZ,Beer,21.37,
Excise,MOZ,Spirits,23.01,
Excise,MUS,Beer,28.8,
Excise,MUS,Spirits,62,
Excise,MWI,Beer,21.46,
Excise,MWI,Spirits,38.37,
Excise,NAM,Beer,12.42,
Excise,NAM,Spirits,31.62,
Excise,NER,Beer,10.61,
Excise,NER,Spirits,13.3,
Excise,NIC,Beer,21.85,
Excise,NIC,Spirits,25.08,
Excise,NLD,Beer,15.82,
Excise,NLD,Spirits,25.08,
Excise,NOR,Beer,40.06,
Excise,NOR,Spirits,68.51,
Excise,NRU,Beer,0,
Excise,NRU,Spirits,0,
Excise,PAN,Beer,7.24,
Excise,PAN,Spirits,9.88,
Excise,PER,Beer,23.43,
Excise,PER,Spirits,21.19,
Excise,PHL,Beer,29.93,
Excise,PHL,Spirits,51.21,
Excise,PLW,Beer,27.9,
Excise,PLW,Spirits,32.39,
Excise,PNG,Beer,28.43,
Excise,POL,Beer,17.74,
Excise,POL,Spirits,47.8,
Excise,PRT,Beer,10.71,
Excise,PRT,Spirits,29.2,
Excise,PRY,Beer,6.34,
Excise,PRY,Spirits,7.63,
Excise,ROU,Beer,4.39,
Excise,ROU,Spirits,25.19,
Excise,RWA,Beer,28.25,
Excise,RWA,Spirits,14.05,
Excise,SEN,Beer,24.93,
Excise,SEN,Spirits,58.09,
Excise,SLE,Beer,17.39,
Excise,SLE,Spirits,8.69,
Excise,SLV,Beer,21.13,
Excise,SLV,Spirits,28.34,
Excise,SSD,Beer,1.59,
Excise,SSD,Spirits,3.64,
Excise,STP,Spirits,31.18,
Excise,SUR,Beer,16.02,
Excise,SUR,Spirits,66.5,
Excise,SVK,Beer,5.07,
Excise,SVK,Spirits,30.27,
Excise,SVN,Beer,19.76,
Excise,SVN,Spirits,17.41,
Excise,SWE,Beer,38.51,
Excise,SWE,Spirits,66.8,
Excise,SWZ,Beer,5.91,
Excise,SWZ,Spirits,18.19,
Excise,SYC,Beer,21.54,
Excise,SYC,Spirits,31.68,
Excise,TGO,Beer,11.05,
Excise,TGO,Spirits,3.6,
Excise,THA,Beer,32.22,
Excise,THA,Spirits,34.16,
Excise,TON,Beer,27.58,
Excise,TON,Spirits,70,Retail price collected as of 31 January 2023.
Excise,TUN,Beer,28.8,
Excise,TUN,Spirits,12.35,
Excise,TUR,Beer,36.14,
Excise,TUR,Spirits,57.81,
Excise,TUV,Beer,13.2,
Excise,TZA,Beer,10.23,
Excise,TZA,Spirits,36.55,
Excise,UGA,Beer,17.3,
Excise,UGA,Spirits,32.21,
Excise,UKR,Beer,10.05,
Excise,UKR,Spirits,27.51,
Excise,URY,Beer,13.3,
Excise,URY,Spirits,22.53,
Excise,UZB,Beer,9.86,
Excise,UZB,Spirits,22.26,
Excise,VCT,Beer,4.57,
Excise,VCT,Spirits,10.96,
Excise,VEN,Beer,11.24,
Excise,VEN,Spirits,28.74,
Excise,VUT,Beer,19.25,
Excise,WSM,Beer,33.94,
Excise,ZAF,Beer,27.59,
Excise,ZAF,Spirits,46.51,
Excise,ZMB,Beer,21.55,
Excise,ZMB,Spirits,32.33,
Excise,ZWE,Beer,0,
Excise,ZWE,Spirits,13.04,
Import Duties,ALB,Beer,0,
Import Duties,ALB,Spirits,0,
Import Duties,ARG,Beer,0,
Import Duties,ARG,Spirits,0,
Import Duties,ATG,Beer,4.81,
Import Duties,ATG,Spirits,0,
Import Duties,AUS,Beer,0,
Import Duties,AUS,Spirits,0,
Import Duties,AUT,Beer,0,
Import Duties,AUT,Spirits,0,
Import Duties,AZE,Beer,0,
Import Duties,AZE,Spirits,0,
Import Duties,BDI,Beer,2.68,
Import Duties,BDI,Spirits,1.38,
Import Duties,BEL,Beer,0,
Import Duties,BEL,Spirits,0,
Import Duties,BEN,Beer,0,
Import Duties,BEN,Spirits,0.82,
Import Duties,BFA,Beer,0,
Import Duties,BFA,Spirits,2.52,
Import Duties,BGD,Beer,0,
Import Duties,BGD,Spirits,0,
Import Duties,BGR,Beer,0,
Import Duties,BGR,Spirits,0,
Import Duties,BLR,Beer,0,
Import Duties,BLR,Spirits,0,
Import Duties,BLZ,Beer,0,
Import Duties,BLZ,Spirits,0,
Import Duties,BOL,Beer,0,Retail price and tax data collected as of 31 March 2023.
Import Duties,BOL,Spirits,0,Retail price and tax data collected as of 31 March 2023.
Import Duties,BRA,Beer,0,1. Retail price and tax data representing only the State of Sao Paulo. 2. Data collected as of 31 October 2022.
Import Duties,BRA,Spirits,0,1. Retail price and tax data representing only the State of Sao Paulo. 2. Data collected as of 31 October 2022.
Import Duties,CAF,Beer,7.55,
Import Duties,CAF,Spirits,14.34,
Import Duties,CAN,Beer,0,Retail price and tax data representing only the Province of Ontario.
Import Duties,CAN,Spirits,0,Retail price and tax data representing only the Province of Ontario.
Import Duties,CHE,Beer,0,
Import Duties,CHE,Spirits,0,
Import Duties,CHL,Spirits,0,
Import Duties,CHN,Beer,0,
Import Duties,CHN,Spirits,0,
Import Duties,CIV,Beer,0,
Import Duties,CIV,Spirits,0,
Import Duties,CMR,Beer,0,
Import Duties,CMR,Spirits,0,
Import Duties,COD,Beer,0,
Import Duties,COD,Spirits,0.7,
Import Duties,COG,Beer,0,
Import Duties,COG,Spirits,0,
Import Duties,COK,Beer,0,
Import Duties,COK,Spirits,0,
Import Duties,COL,Beer,0,
Import Duties,COL,Spirits,0,
Import Duties,CPV,Beer,7.72,
Import Duties,CPV,Spirits,7.06,
Import Duties,CRI,Beer,0,
Import Duties,CRI,Spirits,0,
Import Duties,CUB,Beer,0,
Import Duties,CUB,Spirits,0,
Import Duties,CYP,Beer,0,
Import Duties,CYP,Spirits,0,
Import Duties,CZE,Beer,0,
Import Duties,CZE,Spirits,0,
Import Duties,DEU,Beer,0,
Import Duties,DEU,Spirits,0,
Import Duties,DMA,Beer,0,
Import Duties,DMA,Spirits,0,
Import Duties,DNK,Beer,0,
Import Duties,DNK,Spirits,0,
Import Duties,DOM,Beer,0,
Import Duties,DOM,Spirits,0,
Import Duties,ECU,Beer,0,
Import Duties,ECU,Spirits,0,
Import Duties,EGY,Beer,0,
Import Duties,EGY,Spirits,0,
Import Duties,ERI,Beer,0,
Import Duties,ERI,Spirits,0,
Import Duties,ESP,Beer,0,
Import Duties,ESP,Spirits,0,
Import Duties,EST,Beer,0,
Import Duties,EST,Spirits,0,
Import Duties,ETH,Beer,0,
Import Duties,ETH,Spirits,0,
Import Duties,FIN,Beer,0,
Import Duties,FIN,Spirits,0,
Import Duties,FJI,Beer,0,
Import Duties,FJI,Spirits,0,
Import Duties,GAB,Beer,0,
Import Duties,GAB,Spirits,0,
Import Duties,GBR,Beer,0,
Import Duties,GBR,Spirits,0,
Import Duties,GEO,Beer,0,
Import Duties,GEO,Spirits,5.3,
Import Duties,GHA,Beer,0,Retail price and tax data collected as of 31 January 2023.
Import Duties,GHA,Spirits,6.09,Retail price and tax data collected as of 31 January 2023.
Import Duties,GIN,Beer,0,
Import Duties,GMB,Beer,0,
Import Duties,GMB,Spirits,0,
Import Duties,GNB,Beer,5.5,
Import Duties,GNB,Spirits,4.19,
Import Duties,GNQ,Beer,9.54,
Import Duties,GRC,Beer,0,
Import Duties,GRC,Spirits,0,
Import Duties,GRD,Beer,0,
Import Duties,GRD,Spirits,0,
Import Duties,GTM,Beer,0,
Import Duties,GTM,Spirits,0,
Import Duties,GUY,Beer,0,
Import Duties,GUY,Spirits,0,
Import Duties,HND,Beer,0,
Import Duties,HND,Spirits,0,
Import Duties,HRV,Beer,0,
Import Duties,HRV,Spirits,0,
Import Duties,HTI,Beer,0,Retail price and tax data collected as of 31 March 2023.
Import Duties,HTI,Spirits,0,Retail price and tax data collected as of 31 March 2023.
Import Duties,HUN,Beer,0,
Import Duties,HUN,Spirits,0,
Import Duties,IDN,Beer,0,
Import Duties,IDN,Spirits,0,
Import Duties,IRL,Beer,0,
Import Duties,IRL,Spirits,0,
Import Duties,IRQ,Beer,2.02,
Import Duties,IRQ,Spirits,0,
Import Duties,ISL,Beer,0,
Import Duties,ISL,Spirits,0,
Import Duties,ITA,Beer,0,
Import Duties,ITA,Spirits,0,
Import Duties,JAM,Beer,0,
Import Duties,JAM,Spirits,0,
Import Duties,JPN,Beer,0,
Import Duties,JPN,Spirits,0,
Import Duties,KAZ,Beer,0,
Import Duties,KAZ,Spirits,0,
Import Duties,KEN,Beer,0,
Import Duties,KEN,Spirits,0,
Import Duties,KGZ,Beer,0,
Import Duties,KGZ,Spirits,0,
Import Duties,KHM,Beer,0,
Import Duties,KIR,Beer,0,
Import Duties,KIR,Spirits,0,
Import Duties,KOR,Beer,0,
Import Duties,KOR,Spirits,0,
Import Duties,LBN,Beer,0,
Import Duties,LBN,Spirits,2.02,
Import Duties,LBR,Beer,0,
Import Duties,LBR,Spirits,0,
Import Duties,LCA,Beer,0,
Import Duties,LCA,Spirits,0,
Import Duties,LKA,Beer,0,
Import Duties,LKA,Spirits,0,
Import Duties,LTU,Beer,0,
Import Duties,LTU,Spirits,0,
Import Duties,LVA,Beer,0,
Import Duties,LVA,Spirits,0,
Import Duties,MAR,Beer,0,
Import Duties,MAR,Spirits,26.49,
Import Duties,MDG,Beer,0,
Import Duties,MDG,Spirits,0,
Import Duties,MEX,Beer,0,
Import Duties,MEX,Spirits,0,
Import Duties,MHL,Beer,7.78,
Import Duties,MHL,Spirits,19.81,
Import Duties,MLI,Beer,5.49,
Import Duties,MMR,Beer,0,
Import Duties,MMR,Spirits,0,
Import Duties,MNG,Beer,0,
Import Duties,MNG,Spirits,0,
Import Duties,MOZ,Beer,0,
Import Duties,MOZ,Spirits,5.69,
Import Duties,MUS,Beer,0,
Import Duties,MUS,Spirits,0,
Import Duties,MWI,Beer,0,
Import Duties,MWI,Spirits,0,
Import Duties,NAM,Beer,0,
Import Duties,NAM,Spirits,0,
Import Duties,NER,Beer,3.93,
Import Duties,NER,Spirits,4.43,
Import Duties,NIC,Beer,0,
Import Duties,NIC,Spirits,0,
Import Duties,NLD,Beer,0,
Import Duties,NLD,Spirits,1.02,
Import Duties,NOR,Beer,0,
Import Duties,NOR,Spirits,0,
Import Duties,NRU,Beer,50.4,
Import Duties,NRU,Spirits,26.51,
Import Duties,PAN,Beer,0,
Import Duties,PAN,Spirits,0,
Import Duties,PER,Beer,0,
Import Duties,PER,Spirits,0,
Import Duties,PHL,Beer,0,
Import Duties,PHL,Spirits,0,
Import Duties,PLW,Beer,0,
Import Duties,PLW,Spirits,0,
Import Duties,PNG,Beer,0,
Import Duties,POL,Beer,0,
Import Duties,POL,Spirits,0,
Import Duties,PRT,Beer,0,
Import Duties,PRT,Spirits,0,
Import Duties,PRY,Beer,0,
Import Duties,PRY,Spirits,0,
Import Duties,ROU,Beer,0,
Import Duties,ROU,Spirits,0,
Import Duties,RWA,Beer,0,
Import Duties,RWA,Spirits,3.93,
Import Duties,SEN,Beer,0,
Import Duties,SEN,Spirits,3.53,
Import Duties,SLE,Beer,0,
Import Duties,SLE,Spirits,15.2,
Import Duties,SLV,Beer,0,
Import Duties,SLV,Spirits,0,
Import Duties,SSD,Beer,0.63,
Import Duties,SSD,Spirits,0.73,
Import Duties,STP,Spirits,33.37,
Import Duties,SUR,Beer,0,
Import Duties,SUR,Spirits,4.57,
Import Duties,SVK,Beer,0,
Import Duties,SVK,Spirits,0,
Import Duties,SVN,Beer,0,
Import Duties,SVN,Spirits,0,
Import Duties,SWE,Beer,0,
Import Duties,SWE,Spirits,0,
Import Duties,SWZ,Beer,0,
Import Duties,SWZ,Spirits,0,
Import Duties,SYC,Beer,0,
Import Duties,SYC,Spirits,0,
Import Duties,TGO,Beer,0,
Import Duties,TGO,Spirits,1.2,
Import Duties,THA,Beer,0,
Import Duties,THA,Spirits,0,
Import Duties,TON,Beer,0,
Import Duties,TON,Spirits,0,Retail price collected as of 31 January 2023.
Import Duties,TUN,Beer,0,
Import Duties,TUN,Spirits,4.45,
Import Duties,TUR,Beer,0,
Import Duties,TUR,Spirits,0,
Import Duties,TUV,Beer,3.3,
Import Duties,TZA,Beer,0,
Import Duties,TZA,Spirits,0,
Import Duties,UGA,Beer,0,
Import Duties,UGA,Spirits,0,
Import Duties,UKR,Beer,0,
Import Duties,UKR,Spirits,0,
Import Duties,URY,Beer,0,
Import Duties,URY,Spirits,0,
Import Duties,UZB,Beer,0,
Import Duties,UZB,Spirits,0,
Import Duties,VCT,Beer,0,
Import Duties,VCT,Spirits,0,
Import Duties,VEN,Beer,0,
Import Duties,VEN,Spirits,0,
Import Duties,VUT,Beer,0,
Import Duties,WSM,Beer,0,
Import Duties,ZAF,Beer,0,
Import Duties,ZAF,Spirits,0,
Import Duties,ZMB,Beer,0,
Import Duties,ZMB,Spirits,1.16,
Import Duties,ZWE,Beer,0,
Import Duties,ZWE,Spirits,14.84,
Others,ALB,Beer,0,
Others,ALB,Spirits,0,
Others,ARG,Beer,0,
Others,ARG,Spirits,0,
Others,ATG,Beer,4.43,
Others,ATG,Spirits,6.69,
Others,AUS,Beer,0,
Others,AUS,Spirits,0,
Others,AUT,Beer,0,
Others,AUT,Spirits,0,
Others,AZE,Beer,0,
Others,AZE,Spirits,0,
Others,BDI,Beer,0,
Others,BDI,Spirits,0,
Others,BEL,Beer,0.57,
Others,BEL,Spirits,0.05,
Others,BEN,Beer,0,
Others,BEN,Spirits,0,
Others,BFA,Beer,0,
Others,BFA,Spirits,0.17,
Others,BGD,Beer,0,
Others,BGD,Spirits,0,
Others,BGR,Beer,0,
Others,BGR,Spirits,0,
Others,BLR,Beer,0,
Others,BLR,Spirits,0,
Others,BLZ,Beer,0,
Others,BLZ,Spirits,0,
Others,BOL,Beer,0,Retail price and tax data collected as of 31 March 2023.
Others,BOL,Spirits,0,Retail price and tax data collected as of 31 March 2023.
Others,BRA,Beer,5.42,1. Retail price and tax data representing only the State of Sao Paulo. 2. Data collected as of 31 October 2022.
Others,BRA,Spirits,5.21,1. Retail price and tax data representing only the State of Sao Paulo. 2. Data collected as of 31 October 2022.
Others,CAF,Beer,0.53,
Others,CAF,Spirits,1,
Others,CAN,Beer,0,Retail price and tax data representing only the Province of Ontario.
Others,CAN,Spirits,0,Retail price and tax data representing only the Province of Ontario.
Others,CHE,Beer,0,
Others,CHE,Spirits,0,
Others,CHL,Spirits,0,
Others,CHN,Beer,1.63,
Others,CHN,Spirits,3.34,
Others,CIV,Beer,0,
Others,CIV,Spirits,0,
Others,CMR,Beer,0,
Others,CMR,Spirits,0,
Others,COD,Beer,0,
Others,COD,Spirits,0,
Others,COG,Beer,0,
Others,COG,Spirits,0,
Others,COK,Beer,0,
Others,COK,Spirits,0,
Others,COL,Beer,0,
Others,COL,Spirits,0,
Others,CPV,Beer,0.24,
Others,CPV,Spirits,0.22,
Others,CRI,Beer,3.2,
Others,CRI,Spirits,2.25,
Others,CUB,Beer,0,
Others,CUB,Spirits,0,
Others,CYP,Beer,0,
Others,CYP,Spirits,0,
Others,CZE,Beer,0,
Others,CZE,Spirits,0,
Others,DEU,Beer,0,
Others,DEU,Spirits,0,
Others,DMA,Beer,0,
Others,DMA,Spirits,0,
Others,DNK,Beer,0,
Others,DNK,Spirits,0,
Others,DOM,Beer,0,
Others,DOM,Spirits,0,
Others,ECU,Beer,0,
Others,ECU,Spirits,0,
Others,EGY,Beer,0,
Others,EGY,Spirits,0,
Others,ERI,Beer,0,
Others,ERI,Spirits,0,
Others,ESP,Beer,0,
Others,ESP,Spirits,0,
Others,EST,Beer,0,
Others,EST,Spirits,0,
Others,ETH,Beer,7.54,
Others,ETH,Spirits,7.41,
Others,FIN,Beer,0,
Others,FIN,Spirits,0,
Others,FJI,Beer,0,
Others,FJI,Spirits,0,
Others,GAB,Beer,0,
Others,GAB,Spirits,0,
Others,GBR,Beer,0,
Others,GBR,Spirits,0,
Others,GEO,Beer,0,
Others,GEO,Spirits,0,
Others,GHA,Beer,5.5,Retail price and tax data collected as of 31 January 2023.
Others,GHA,Spirits,5.5,Retail price and tax data collected as of 31 January 2023.
Others,GIN,Beer,0,
Others,GMB,Beer,0,
Others,GMB,Spirits,0,
Others,GNB,Beer,0.63,
Others,GNB,Spirits,0.48,
Others,GNQ,Beer,0,
Others,GRC,Beer,0,
Others,GRC,Spirits,0,
Others,GRD,Beer,0,
Others,GRD,Spirits,0,
Others,GTM,Beer,0,
Others,GTM,Spirits,0,
Others,GUY,Beer,2.78,
Others,GUY,Spirits,0.71,
Others,HND,Beer,0,
Others,HND,Spirits,0,
Others,HRV,Beer,0,
Others,HRV,Spirits,0,
Others,HTI,Beer,1.27,Retail price and tax data collected as of 31 March 2023.
Others,HTI,Spirits,1.27,Retail price and tax data collected as of 31 March 2023.
Others,HUN,Beer,0,
Others,HUN,Spirits,0,
Others,IDN,Beer,0,
Others,IDN,Spirits,0,
Others,IRL,Beer,0,
Others,IRL,Spirits,0,
Others,IRQ,Beer,0,
Others,IRQ,Spirits,0,
Others,ISL,Beer,0,
Others,ISL,Spirits,0,
Others,ITA,Beer,0,
Others,ITA,Spirits,0,
Others,JAM,Beer,0,
Others,JAM,Spirits,0,
Others,JPN,Beer,0,
Others,JPN,Spirits,0,
Others,KAZ,Beer,0,
Others,KAZ,Spirits,0,
Others,KEN,Beer,0,
Others,KEN,Spirits,0,
Others,KGZ,Beer,0,
Others,KGZ,Spirits,0,
Others,KHM,Beer,2.65,
Others,KIR,Beer,0,
Others,KIR,Spirits,0,
Others,KOR,Beer,13.39,
Others,KOR,Spirits,17.95,
Others,LBN,Beer,0,
Others,LBN,Spirits,0,
Others,LBR,Beer,0,
Others,LBR,Spirits,0,
Others,LCA,Beer,0,
Others,LCA,Spirits,0,
Others,LKA,Beer,0,
Others,LKA,Spirits,0,
Others,LTU,Beer,0,
Others,LTU,Spirits,0,
Others,LVA,Beer,0,
Others,LVA,Spirits,0,
Others,MAR,Beer,0.14,
Others,MAR,Spirits,0.14,
Others,MDG,Beer,0,
Others,MDG,Spirits,0,
Others,MEX,Beer,0,
Others,MEX,Spirits,0,
Others,MHL,Beer,0,
Others,MHL,Spirits,0,
Others,MLI,Beer,0.69,
Others,MMR,Beer,0,
Others,MMR,Spirits,0,
Others,MNG,Beer,0.9,
Others,MNG,Spirits,0.9,
Others,MOZ,Beer,0,
Others,MOZ,Spirits,0,
Others,MUS,Beer,3.64,
Others,MUS,Spirits,0,
Others,MWI,Beer,0,
Others,MWI,Spirits,0,
Others,NAM,Beer,0,
Others,NAM,Spirits,0,
Others,NER,Beer,0,
Others,NER,Spirits,0,
Others,NIC,Beer,0,
Others,NIC,Spirits,0,
Others,NLD,Beer,0,
Others,NLD,Spirits,0,
Others,NOR,Beer,7.27,
Others,NOR,Spirits,0.36,
Others,NRU,Beer,0,
Others,NRU,Spirits,0,
Others,PAN,Beer,0,
Others,PAN,Spirits,0,
Others,PER,Beer,0,
Others,PER,Spirits,0,
Others,PHL,Beer,0,
Others,PHL,Spirits,0,
Others,PLW,Beer,0,
Others,PLW,Spirits,0,
Others,PNG,Beer,0,
Others,POL,Beer,0,
Others,POL,Spirits,0,
Others,PRT,Beer,0,
Others,PRT,Spirits,0,
Others,PRY,Beer,0,
Others,PRY,Spirits,0,
Others,ROU,Beer,0,
Others,ROU,Spirits,0,
Others,RWA,Beer,0,
Others,RWA,Spirits,0,
Others,SEN,Beer,0.85,
Others,SEN,Spirits,0.4,
Others,SLE,Beer,0,
Others,SLE,Spirits,0,
Others,SLV,Beer,0,
Others,SLV,Spirits,0,
Others,SSD,Beer,6.14,
Others,SSD,Spirits,2.8,
Others,STP,Spirits,0,
Others,SUR,Beer,0,
Others,SUR,Spirits,0.18,
Others,SVK,Beer,0,
Others,SVK,Spirits,0,
Others,SVN,Beer,0,
Others,SVN,Spirits,0,
Others,SWE,Beer,0,
Others,SWE,Spirits,0,
Others,SWZ,Beer,2.21,
Others,SWZ,Spirits,4.81,
Others,SYC,Beer,6.67,
Others,SYC,Spirits,0.53,
Others,TGO,Beer,0,
Others,TGO,Spirits,0,
Others,THA,Beer,5.64,
Others,THA,Spirits,5.98,
Others,TON,Beer,0,
Others,TON,Spirits,0,Retail price collected as of 31 January 2023.
Others,TUN,Beer,0,
Others,TUN,Spirits,0,
Others,TUR,Beer,0,
Others,TUR,Spirits,0,
Others,TUV,Beer,0,
Others,TZA,Beer,0,
Others,TZA,Spirits,0,
Others,UGA,Beer,0,
Others,UGA,Spirits,0,
Others,UKR,Beer,0,
Others,UKR,Spirits,0,
Others,URY,Beer,0,
Others,URY,Spirits,0,
Others,UZB,Beer,0,
Others,UZB,Spirits,0,
Others,VCT,Beer,8.33,
Others,VCT,Spirits,0,
Others,VEN,Beer,0,
Others,VEN,Spirits,0,
Others,VUT,Beer,0,
Others,WSM,Beer,0,
Others,ZAF,Beer,0,
Others,ZAF,Spirits,0,
Others,ZMB,Beer,0,
Others,ZMB,Spirits,0,
Others,ZWE,Beer,0,
Others,ZWE,Spirits,0,
Total,ALB,Beer,28.26,
Total,ALB,Spirits,54.83,
Total,ARG,Beer,27.16,
Total,ARG,Spirits,35.95,
Total,ATG,Beer,22.28,
Total,ATG,Spirits,19.73,
Total,AUS,Beer,26.82,
Total,AUS,Spirits,65.59,
Total,AUT,Beer,24.4,
Total,AUT,Spirits,35.77,
Total,AZE,Beer,25.25,
Total,AZE,Spirits,37.83,
Total,BDI,Beer,29.8,
Total,BDI,Spirits,21.2,
Total,BEL,Beer,28.46,
Total,BEL,Spirits,57.18,
Total,BEN,Beer,27.36,
Total,BEN,Spirits,18.28,
Total,BFA,Beer,32.2,
Total,BFA,Spirits,22.43,
Total,BGD,Beer,16.1,
Total,BGD,Spirits,17.79,
Total,BGR,Beer,21.99,
Total,BGR,Spirits,41.13,
Total,BLR,Beer,26.04,
Total,BLR,Spirits,68.45,
Total,BLZ,Beer,26.98,
Total,BLZ,Spirits,77.1,
Total,BOL,Beer,32.26,Retail price and tax data collected as of 31 March 2023.
Total,BOL,Spirits,23.16,Retail price and tax data collected as of 31 March 2023.
Total,BRA,Beer,29.7,1. Retail price and tax data representing only the State of Sao Paulo. 2. Data collected as of 31 October 2022.
Total,BRA,Spirits,32.37,1. Retail price and tax data representing only the State of Sao Paulo. 2. Data collected as of 31 October 2022.
Total,CAF,Beer,34.22,
Total,CAF,Spirits,55.24,
Total,CAN,Beer,16.5,Retail price and tax data representing only the Province of Ontario.
Total,CAN,Spirits,23.38,Retail price and tax data representing only the Province of Ontario.
Total,CHE,Beer,14.11,
Total,CHE,Spirits,24.45,
Total,CHL,Spirits,31.46,
Total,CHN,Beer,15.26,
Total,CHN,Spirits,31.14,
Total,CIV,Beer,25.77,
Total,CIV,Spirits,37.74,
Total,CMR,Beer,37.53,
Total,CMR,Spirits,43.58,
Total,COD,Beer,30.48,
Total,COD,Spirits,17.87,
Total,COG,Beer,27.83,
Total,COG,Spirits,24.18,
Total,COK,Beer,28.99,
Total,COK,Spirits,44.64,
Total,COL,Beer,28.86,
Total,COL,Spirits,35.88,
Total,CPV,Beer,27.3,
Total,CPV,Spirits,27.81,
Total,CRI,Beer,25.4,
Total,CRI,Spirits,35.66,
Total,CUB,Beer,10,
Total,CUB,Spirits,10,
Total,CYP,Beer,27.81,
Total,CYP,Spirits,37.13,
Total,CZE,Beer,28.63,
Total,CZE,Spirits,55.17,
Total,DEU,Beer,21.52,
Total,DEU,Spirits,56.25,
Total,DMA,Beer,20.63,
Total,DMA,Spirits,23.26,
Total,DNK,Beer,31.46,
Total,DNK,Spirits,33.23,
Total,DOM,Beer,36.66,
Total,DOM,Spirits,51.52,
Total,ECU,Beer,22.8,
Total,ECU,Spirits,39.87,
Total,EGY,Beer,71.55,
Total,EGY,Spirits,51.34,
Total,ERI,Beer,45.45,
Total,ERI,Spirits,31.31,
Total,ESP,Beer,22.18,
Total,ESP,Spirits,53.32,
Total,EST,Beer,35.04,
Total,EST,Spirits,74.59,
Total,ETH,Beer,37.97,
Total,ETH,Spirits,53.37,
Total,FIN,Beer,48.17,
Total,FIN,Spirits,86.17,
Total,FJI,Beer,39.84,
Total,FJI,Spirits,57.96,
Total,GAB,Beer,29.7,
Total,GAB,Spirits,46.41,
Total,GBR,Beer,44.12,
Total,GBR,Spirits,63.82,
Total,GEO,Beer,24.84,
Total,GEO,Spirits,39.34,
Total,GHA,Beer,38.83,Retail price and tax data collected as of 31 January 2023.
Total,GHA,Spirits,25.76,Retail price and tax data collected as of 31 January 2023.
Total,GIN,Beer,35.14,
Total,GMB,Beer,50.17,
Total,GMB,Spirits,19.67,
Total,GNB,Beer,28.58,
Total,GNB,Spirits,26.38,
Total,GNQ,Beer,22.57,
Total,GRC,Beer,40.4,
Total,GRC,Spirits,55.77,
Total,GRD,Beer,14.62,
Total,GRD,Spirits,17.91,
Total,GTM,Beer,15.77,
Total,GTM,Spirits,17.71,
Total,GUY,Beer,27.43,
Total,GUY,Spirits,24.78,
Total,HND,Beer,24.26,
Total,HND,Spirits,25.56,
Total,HRV,Beer,28.93,
Total,HRV,Spirits,45.3,
Total,HTI,Beer,23.71,Retail price and tax data collected as of 31 March 2023.
Total,HTI,Spirits,23.71,Retail price and tax data collected as of 31 March 2023.
Total,HUN,Beer,34.71,
Total,HUN,Spirits,66.28,
Total,IDN,Beer,29.86,
Total,IDN,Spirits,45.95,
Total,IRL,Beer,44.3,
Total,IRL,Spirits,67.28,
Total,IRQ,Beer,2.02,
Total,IRQ,Spirits,0,
Total,ISL,Beer,40.82,
Total,ISL,Spirits,76.38,
Total,ITA,Beer,30.36,
Total,ITA,Spirits,26.9,
Total,JAM,Beer,18.68,
Total,JAM,Spirits,35.13,
Total,JPN,Beer,41.05,
Total,JPN,Spirits,25.29,
Total,KAZ,Beer,18.98,
Total,KAZ,Spirits,32.03,
Total,KEN,Beer,36.13,
Total,KEN,Spirits,33.14,
Total,KGZ,Beer,22.05,
Total,KGZ,Spirits,33.11,
Total,KHM,Beer,26.1,
Total,KIR,Beer,21.41,
Total,KIR,Spirits,93.53,
Total,KOR,Beer,37.76,
Total,KOR,Spirits,70.11,
Total,LBN,Beer,9.97,
Total,LBN,Spirits,13.66,
Total,LBR,Beer,19.1,
Total,LBR,Spirits,76.17,
Total,LCA,Beer,13.51,
Total,LCA,Spirits,28.37,
Total,LKA,Beer,42.51,
Total,LKA,Spirits,49.51,
Total,LTU,Beer,34.02,
Total,LTU,Spirits,69.41,
Total,LVA,Beer,40.88,
Total,LVA,Spirits,64.15,
Total,MAR,Beer,48.43,
Total,MAR,Spirits,82.99,
Total,MDG,Beer,27.81,
Total,MDG,Spirits,23.08,
Total,MEX,Beer,31.85,
Total,MEX,Spirits,43.66,
Total,MHL,Beer,7.78,
Total,MHL,Spirits,19.81,
Total,MLI,Beer,28.31,
Total,MMR,Beer,57.24,
Total,MMR,Spirits,32.89,
Total,MNG,Beer,10.24,
Total,MNG,Spirits,21.33,
Total,MOZ,Beer,35.9,
Total,MOZ,Spirits,43.23,
Total,MUS,Beer,45.48,
Total,MUS,Spirits,75.04,
Total,MWI,Beer,35.62,
Total,MWI,Spirits,52.54,
Total,NAM,Beer,25.47,
Total,NAM,Spirits,44.67,
Total,NER,Beer,30.51,
Total,NER,Spirits,33.69,
Total,NIC,Beer,34.9,
Total,NIC,Spirits,38.13,
Total,NLD,Beer,33.17,
Total,NLD,Spirits,43.45,
Total,NOR,Beer,67.32,
Total,NOR,Spirits,88.87,
Total,NRU,Beer,50.4,
Total,NRU,Spirits,26.51,
Total,PAN,Beer,16.33,
Total,PAN,Spirits,18.98,
Total,PER,Beer,38.68,
Total,PER,Spirits,36.44,
Total,PHL,Beer,40.64,
Total,PHL,Spirits,61.92,
Total,PLW,Beer,27.9,
Total,PLW,Spirits,32.39,
Total,PNG,Beer,37.52,
Total,POL,Beer,36.44,
Total,POL,Spirits,66.5,
Total,PRT,Beer,29.41,
Total,PRT,Spirits,47.9,
Total,PRY,Beer,15.43,
Total,PRY,Spirits,16.72,
Total,ROU,Beer,20.35,
Total,ROU,Spirits,41.16,
Total,RWA,Beer,43.5,
Total,RWA,Spirits,33.23,
Total,SEN,Beer,41.03,
Total,SEN,Spirits,77.27,
Total,SLE,Beer,30.43,
Total,SLE,Spirits,36.94,
Total,SLV,Beer,32.64,
Total,SLV,Spirits,39.85,
Total,SSD,Beer,23.62,
Total,SSD,Spirits,22.42,
Total,STP,Spirits,64.55,
Total,SUR,Beer,26.74,
Total,SUR,Spirits,80.9,
Total,SVK,Beer,21.74,
Total,SVK,Spirits,46.94,
Total,SVN,Beer,37.8,
Total,SVN,Spirits,35.44,
Total,SWE,Beer,58.51,
Total,SWE,Spirits,86.8,
Total,SWZ,Beer,21.16,
Total,SWZ,Spirits,36.04,
Total,SYC,Beer,41.25,
Total,SYC,Spirits,45.26,
Total,TGO,Beer,26.31,
Total,TGO,Spirits,20.06,
Total,THA,Beer,44.4,
Total,THA,Spirits,46.68,
Total,TON,Beer,40.62,
Total,TON,Spirits,83.04,Retail price collected as of 31 January 2023.
Total,TUN,Beer,44.77,
Total,TUN,Spirits,32.76,
Total,TUR,Beer,51.4,
Total,TUR,Spirits,73.06,
Total,TUV,Beer,18.58,
Total,TZA,Beer,25.48,
Total,TZA,Spirits,51.8,
Total,UGA,Beer,30.8,
Total,UGA,Spirits,45.25,
Total,UKR,Beer,26.72,
Total,UKR,Spirits,44.18,
Total,URY,Beer,31.33,
Total,URY,Spirits,40.56,
Total,UZB,Beer,22.9,
Total,UZB,Spirits,35.3,
Total,VCT,Beer,26.69,
Total,VCT,Spirits,24.75,
Total,VEN,Beer,25.04,
Total,VEN,Spirits,42.53,
Total,VUT,Beer,32.29,
Total,WSM,Beer,46.99,
Total,ZAF,Beer,40.64,
Total,ZAF,Spirits,59.55,
Total,ZMB,Beer,35.34,
Total,ZMB,Spirits,47.28,
Total,ZWE,Beer,13.04,
Total,ZWE,Spirits,40.92,
VAT/Sales,ALB,Beer,16.67,
VAT/Sales,ALB,Spirits,16.67,
VAT/Sales,ARG,Beer,15.3,
VAT/Sales,ARG,Spirits,13.45,
VAT/Sales,ATG,Beer,13.04,
VAT/Sales,ATG,Spirits,13.04,
VAT/Sales,AUS,Beer,9.09,
VAT/Sales,AUS,Spirits,9.09,
VAT/Sales,AUT,Beer,16.67,
VAT/Sales,AUT,Spirits,16.67,
VAT/Sales,AZE,Beer,15.25,
VAT/Sales,AZE,Spirits,15.25,
VAT/Sales,BDI,Beer,15.25,
VAT/Sales,BDI,Spirits,15.25,
VAT/Sales,BEL,Beer,17.36,
VAT/Sales,BEL,Spirits,17.36,
VAT/Sales,BEN,Beer,15.25,
VAT/Sales,BEN,Spirits,15.25,
VAT/Sales,BFA,Beer,15.25,
VAT/Sales,BFA,Spirits,15.25,
VAT/Sales,BGD,Beer,15,
VAT/Sales,BGD,Spirits,15,
VAT/Sales,BGR,Beer,16.67,
VAT/Sales,BGR,Spirits,16.67,
VAT/Sales,BLR,Beer,16.67,
VAT/Sales,BLR,Spirits,16.67,
VAT/Sales,BLZ,Beer,11.11,
VAT/Sales,BLZ,Spirits,11.11,
VAT/Sales,BOL,Beer,13.79,Retail price and tax data collected as of 31 March 2023.
VAT/Sales,BOL,Spirits,13.79,Retail price and tax data collected as of 31 March 2023.
VAT/Sales,BRA,Beer,22,1. Retail price and tax data representing only the State of Sao Paulo. 2. Data collected as of 31 October 2022.
VAT/Sales,BRA,Spirits,18,1. Retail price and tax data representing only the State of Sao Paulo. 2. Data collected as of 31 October 2022.
VAT/Sales,CAF,Beer,15.97,
VAT/Sales,CAF,Spirits,15.97,
VAT/Sales,CAN,Beer,11.5,Retail price and tax data representing only the Province of Ontario.
VAT/Sales,CAN,Spirits,11.5,Retail price and tax data representing only the Province of Ontario.
VAT/Sales,CHE,Beer,7.15,
VAT/Sales,CHE,Spirits,7.15,
VAT/Sales,CHL,Spirits,11.84,
VAT/Sales,CHN,Beer,11.5,
VAT/Sales,CHN,Spirits,11.5,
VAT/Sales,CIV,Beer,15.25,
VAT/Sales,CIV,Spirits,15.25,
VAT/Sales,CMR,Beer,16.14,
VAT/Sales,CMR,Spirits,16.14,
VAT/Sales,COD,Beer,13.79,
VAT/Sales,COD,Spirits,13.79,
VAT/Sales,COG,Beer,15.9,
VAT/Sales,COG,Spirits,15.9,
VAT/Sales,COK,Beer,13.04,
VAT/Sales,COK,Spirits,13.04,
VAT/Sales,COL,Beer,13.52,
VAT/Sales,COL,Spirits,3.86,
VAT/Sales,CPV,Beer,5.23,
VAT/Sales,CPV,Spirits,4.78,
VAT/Sales,CRI,Beer,11.5,
VAT/Sales,CRI,Spirits,11.5,
VAT/Sales,CUB,Beer,10,
VAT/Sales,CUB,Spirits,10,
VAT/Sales,CYP,Beer,15.97,
VAT/Sales,CYP,Spirits,15.97,
VAT/Sales,CZE,Beer,17.36,
VAT/Sales,CZE,Spirits,17.36,
VAT/Sales,DEU,Beer,15.97,
VAT/Sales,DEU,Spirits,15.97,
VAT/Sales,DMA,Beer,13.04,
VAT/Sales,DMA,Spirits,13.04,
VAT/Sales,DNK,Beer,20,
VAT/Sales,DNK,Spirits,20,
VAT/Sales,DOM,Beer,15.25,
VAT/Sales,DOM,Spirits,15.25,
VAT/Sales,ECU,Beer,10.71,
VAT/Sales,ECU,Spirits,10.71,
VAT/Sales,EGY,Beer,12.28,
VAT/Sales,EGY,Spirits,12.28,
VAT/Sales,ERI,Beer,4.87,
VAT/Sales,ERI,Spirits,6.06,
VAT/Sales,ESP,Beer,17.36,
VAT/Sales,ESP,Spirits,17.36,
VAT/Sales,EST,Beer,16.67,
VAT/Sales,EST,Spirits,16.67,
VAT/Sales,ETH,Beer,13.04,
VAT/Sales,ETH,Spirits,13.04,
VAT/Sales,FIN,Beer,19.35,
VAT/Sales,FIN,Spirits,19.35,
VAT/Sales,FJI,Beer,13.04,
VAT/Sales,FJI,Spirits,13.04,
VAT/Sales,GAB,Beer,15.25,
VAT/Sales,GAB,Spirits,15.25,
VAT/Sales,GBR,Beer,16.67,
VAT/Sales,GBR,Spirits,16.67,
VAT/Sales,GEO,Beer,15.25,
VAT/Sales,GEO,Spirits,15.25,
VAT/Sales,GHA,Beer,9.05,Retail price and tax data collected as of 31 January 2023.
VAT/Sales,GHA,Spirits,6.56,Retail price and tax data collected as of 31 January 2023.
VAT/Sales,GIN,Beer,9.73,
VAT/Sales,GMB,Beer,13.04,
VAT/Sales,GMB,Spirits,13.04,
VAT/Sales,GNB,Beer,12.37,
VAT/Sales,GNB,Spirits,10.16,
VAT/Sales,GNQ,Beer,6.2,
VAT/Sales,GRC,Beer,19.35,
VAT/Sales,GRC,Spirits,19.35,
VAT/Sales,GRD,Beer,13.04,
VAT/Sales,GRD,Spirits,13.04,
VAT/Sales,GTM,Beer,10.71,
VAT/Sales,GTM,Spirits,10.71,
VAT/Sales,GUY,Beer,12.28,
VAT/Sales,GUY,Spirits,12.28,
VAT/Sales,HND,Beer,15.25,
VAT/Sales,HND,Spirits,15.25,
VAT/Sales,HRV,Beer,20,
VAT/Sales,HRV,Spirits,20,
VAT/Sales,HTI,Beer,9.09,Retail price and tax data collected as of 31 March 2023.
VAT/Sales,HTI,Spirits,9.09,Retail price and tax data collected as of 31 March 2023.
VAT/Sales,HUN,Beer,21.26,
VAT/Sales,HUN,Spirits,21.26,
VAT/Sales,IDN,Beer,7.72,
VAT/Sales,IDN,Spirits,5.95,
VAT/Sales,IRL,Beer,18.7,
VAT/Sales,IRL,Spirits,18.7,
VAT/Sales,IRQ,Beer,0,
VAT/Sales,IRQ,Spirits,0,
VAT/Sales,ISL,Beer,9.91,
VAT/Sales,ISL,Spirits,9.91,
VAT/Sales,ITA,Beer,18.03,
VAT/Sales,ITA,Spirits,18.03,
VAT/Sales,JAM,Beer,13.04,
VAT/Sales,JAM,Spirits,13.04,
VAT/Sales,JPN,Beer,9.09,
VAT/Sales,JPN,Spirits,9.09,
VAT/Sales,KAZ,Beer,10.71,
VAT/Sales,KAZ,Spirits,10.71,
VAT/Sales,KEN,Beer,13.79,
VAT/Sales,KEN,Spirits,13.79,
VAT/Sales,KGZ,Beer,10.71,
VAT/Sales,KGZ,Spirits,10.71,
VAT/Sales,KHM,Beer,9.09,
VAT/Sales,KIR,Beer,4.44,
VAT/Sales,KIR,Spirits,20.73,
VAT/Sales,KOR,Beer,9.09,
VAT/Sales,KOR,Spirits,9.09,
VAT/Sales,LBN,Beer,9.91,
VAT/Sales,LBN,Spirits,9.91,
VAT/Sales,LBR,Beer,9.09,
VAT/Sales,LBR,Spirits,9.09,
VAT/Sales,LCA,Beer,11.11,
VAT/Sales,LCA,Spirits,11.11,
VAT/Sales,LKA,Beer,13.04,
VAT/Sales,LKA,Spirits,13.04,
VAT/Sales,LTU,Beer,17.36,
VAT/Sales,LTU,Spirits,17.36,
VAT/Sales,LVA,Beer,17.36,
VAT/Sales,LVA,Spirits,17.36,
VAT/Sales,MAR,Beer,16.67,
VAT/Sales,MAR,Spirits,16.67,
VAT/Sales,MDG,Beer,16.67,
VAT/Sales,MDG,Spirits,16.67,
VAT/Sales,MEX,Beer,13.79,
VAT/Sales,MEX,Spirits,13.79,
VAT/Sales,MHL,Beer,0,
VAT/Sales,MHL,Spirits,0,
VAT/Sales,MLI,Beer,8.4,
VAT/Sales,MMR,Beer,4.76,
VAT/Sales,MMR,Spirits,4.76,
VAT/Sales,MNG,Beer,9.09,
VAT/Sales,MNG,Spirits,9.09,
VAT/Sales,MOZ,Beer,14.53,
VAT/Sales,MOZ,Spirits,14.53,
VAT/Sales,MUS,Beer,13.04,
VAT/Sales,MUS,Spirits,13.04,
VAT/Sales,MWI,Beer,14.16,
VAT/Sales,MWI,Spirits,14.16,
VAT/Sales,NAM,Beer,13.04,
VAT/Sales,NAM,Spirits,13.04,
VAT/Sales,NER,Beer,15.97,
VAT/Sales,NER,Spirits,15.97,
VAT/Sales,NIC,Beer,13.04,
VAT/Sales,NIC,Spirits,13.04,
VAT/Sales,NLD,Beer,17.36,
VAT/Sales,NLD,Spirits,17.36,
VAT/Sales,NOR,Beer,20,
VAT/Sales,NOR,Spirits,20,
VAT/Sales,NRU,Beer,0,
VAT/Sales,NRU,Spirits,0,
VAT/Sales,PAN,Beer,9.09,
VAT/Sales,PAN,Spirits,9.09,
VAT/Sales,PER,Beer,15.25,
VAT/Sales,PER,Spirits,15.25,
VAT/Sales,PHL,Beer,10.71,
VAT/Sales,PHL,Spirits,10.71,
VAT/Sales,PLW,Beer,0,
VAT/Sales,PLW,Spirits,0,
VAT/Sales,PNG,Beer,9.09,
VAT/Sales,POL,Beer,18.7,
VAT/Sales,POL,Spirits,18.7,
VAT/Sales,PRT,Beer,18.7,
VAT/Sales,PRT,Spirits,18.7,
VAT/Sales,PRY,Beer,9.09,
VAT/Sales,PRY,Spirits,9.09,
VAT/Sales,ROU,Beer,15.97,
VAT/Sales,ROU,Spirits,15.97,
VAT/Sales,RWA,Beer,15.25,
VAT/Sales,RWA,Spirits,15.25,
VAT/Sales,SEN,Beer,15.25,
VAT/Sales,SEN,Spirits,15.25,
VAT/Sales,SLE,Beer,13.04,
VAT/Sales,SLE,Spirits,13.04,
VAT/Sales,SLV,Beer,11.5,
VAT/Sales,SLV,Spirits,11.5,
VAT/Sales,SSD,Beer,15.25,
VAT/Sales,SSD,Spirits,15.25,
VAT/Sales,STP,Spirits,0,
VAT/Sales,SUR,Beer,10.71,
VAT/Sales,SUR,Spirits,9.65,
VAT/Sales,SVK,Beer,16.67,
VAT/Sales,SVK,Spirits,16.67,
VAT/Sales,SVN,Beer,18.03,
VAT/Sales,SVN,Spirits,18.03,
VAT/Sales,SWE,Beer,20,
VAT/Sales,SWE,Spirits,20,
VAT/Sales,SWZ,Beer,13.04,
VAT/Sales,SWZ,Spirits,13.04,
VAT/Sales,SYC,Beer,13.04,
VAT/Sales,SYC,Spirits,13.04,
VAT/Sales,TGO,Beer,15.25,
VAT/Sales,TGO,Spirits,15.25,
VAT/Sales,THA,Beer,6.54,
VAT/Sales,THA,Spirits,6.54,
VAT/Sales,TON,Beer,13.04,
VAT/Sales,TON,Spirits,13.04,Retail price collected as of 31 January 2023.
VAT/Sales,TUN,Beer,15.97,
VAT/Sales,TUN,Spirits,15.97,
VAT/Sales,TUR,Beer,15.25,
VAT/Sales,TUR,Spirits,15.25,
VAT/Sales,TUV,Beer,2.08,
VAT/Sales,TZA,Beer,15.25,
VAT/Sales,TZA,Spirits,15.25,
VAT/Sales,UGA,Beer,13.49,
VAT/Sales,UGA,Spirits,13.04,
VAT/Sales,UKR,Beer,16.67,
VAT/Sales,UKR,Spirits,16.67,
VAT/Sales,URY,Beer,18.03,
VAT/Sales,URY,Spirits,18.03,
VAT/Sales,UZB,Beer,13.04,
VAT/Sales,UZB,Spirits,13.04,
VAT/Sales,VCT,Beer,13.79,
VAT/Sales,VCT,Spirits,13.79,
VAT/Sales,VEN,Beer,13.79,
VAT/Sales,VEN,Spirits,13.79,
VAT/Sales,VUT,Beer,13.04,
VAT/Sales,WSM,Beer,13.04,
VAT/Sales,ZAF,Beer,13.04,
VAT/Sales,ZAF,Spirits,13.04,
VAT/Sales,ZMB,Beer,13.79,
VAT/Sales,ZMB,Spirits,13.79,
VAT/Sales,ZWE,Beer,13.04,
VAT/Sales,ZWE,Spirits,13.04,
